"Date","Phase","Item","Work Type","Status","Details","Files"
"2026-05-06","0.1","MVP scope lock","Documentation","Done","Created the Phase 0 MVP scope around save, discover, creator attribution, and booking intent.","docs/phase-0.1-mvp-scope.md"
"2026-05-06","0.1","Phase checklist","Documentation","Done","Created the gated checklist across Phase 0 through Phase 4.","docs/phase-checklist.md"
"2026-05-06","0.1","Gate rule","Process","Done","Established that ticks move forward only after founder says tested perfect.","docs/phase-checklist.md"
"2026-05-06","0.2","Phase 0.1 tick","Checklist update","Done","Marked Phase 0.1 complete after founder confirmed tested perfect.","docs/phase-checklist.md"
"2026-05-06","0.2","Workspace folders","Scaffold","Done","Created app, package, docs, script, and Supabase migration directories.","apps/web; apps/mobile; packages/config; packages/db; packages/shared; docs; scripts; supabase/migrations"
"2026-05-06","0.2","Root npm workspace","Scaffold","Done","Added npm workspace config, shared scripts, package manager baseline, and Node/npm engine rules.","package.json"
"2026-05-06","0.2","Git ignore rules","Scaffold","Done","Added ignores for dependencies, build outputs, env files, logs, and system files.",".gitignore"
"2026-05-06","0.2","NPM config","Scaffold","Done","Added engine strictness and disabled funding/audit noise for cleaner installs.",".npmrc"
"2026-05-06","0.2","Shared TypeScript baseline","Scaffold","Done","Added strict base TypeScript config and workspace path aliases.","tsconfig.base.json"
"2026-05-06","0.2","Prettier config","Tooling","Done","Added consistent formatting rules for the repo.",".prettierrc.json"
"2026-05-06","0.2","Environment template","Config","Done","Added placeholder env keys for Supabase, Mapbox, Razorpay, MSG91, Mux, PostHog, and Sentry.",".env.example"
"2026-05-06","0.2","README","Documentation","Done","Added workspace overview, commands, and gated build rule.","README.md"
"2026-05-06","0.2","Phase status script","Tooling","Done","Added script that reads the checklist and prints phase completion count/current tick.","scripts/phase-status.mjs"
"2026-05-06","0.2","Config package","Scaffold","Done","Added shared config package placeholder for repo-level configuration.","packages/config/package.json; packages/config/tsconfig.json"
"2026-05-06","0.2","Shared package","Scaffold","Done","Added shared Rasa constants and core Phase 0 types for city, cuisines, places, price bands, and disclosures.","packages/shared/package.json; packages/shared/tsconfig.json; packages/shared/src/index.ts"
"2026-05-06","0.2","Database package","Scaffold","Done","Added initial database-facing identifier and save status types.","packages/db/package.json; packages/db/tsconfig.json; packages/db/src/index.ts"
"2026-05-06","0.2","Next web app shell","Scaffold","Done","Added Next app package, config, TypeScript config, layout, global CSS, and starter homepage.","apps/web/package.json; apps/web/next.config.ts; apps/web/tsconfig.json; apps/web/app/layout.tsx; apps/web/app/globals.css; apps/web/app/page.tsx; apps/web/next-env.d.ts"
"2026-05-06","0.2","Expo mobile app shell","Scaffold","Done","Added Expo app package, app config, TypeScript config, router layout, and starter home screen.","apps/mobile/package.json; apps/mobile/app.json; apps/mobile/tsconfig.json; apps/mobile/app/_layout.tsx; apps/mobile/app/index.tsx; apps/mobile/expo-env.d.ts"
"2026-05-06","0.2","Expo SDK alignment","Versioning","Done","Aligned mobile baseline to Expo SDK 54, Expo Router 6, React Native 0.81, and React 19.1.","apps/mobile/package.json; README.md; docs/phase-0.2-repo-setup.md"
"2026-05-06","0.2","Node baseline alignment","Versioning","Done","Raised Node engine baseline to >=20.19.0 for modern Next/Expo compatibility.","package.json"
"2026-05-06","0.2","Phase 0.2 doc","Documentation","Done","Documented repo architecture, version baseline, commands, and acceptance checklist.","docs/phase-0.2-repo-setup.md"
"2026-05-06","0.2","Dependency install","Tooling","Done","Installed npm dependencies and generated package lockfile.","package-lock.json; node_modules"
"2026-05-06","0.2","TypeScript config fix","Tooling","Done","Changed workspace tsconfig extends to direct root-relative paths to avoid parser resolution issues.","apps/web/tsconfig.json; apps/mobile/tsconfig.json; packages/shared/tsconfig.json; packages/db/tsconfig.json"
"2026-05-06","0.2","Web ESLint setup","Tooling","Done","Replaced deprecated Next lint command with non-interactive ESLint 9 command and flat config.","apps/web/package.json; apps/web/eslint.config.mjs"
"2026-05-06","0.2","Next build lint split","Tooling","Done","Configured Next build to skip duplicate build-time linting because lint runs as an explicit gate.","apps/web/next.config.ts; docs/phase-0.2-repo-setup.md"
"2026-05-06","0.2","React type import fix","Code fix","Done","Imported ReactNode explicitly to satisfy ESLint and TypeScript without relying on global React.","apps/web/app/layout.tsx"
"2026-05-06","0.2","Formatting pass","Verification","Done","Ran Prettier write once, then verified all matched files use Prettier style.","Multiple repo files"
"2026-05-06","0.2","Typecheck verification","Verification","Done","Verified TypeScript passes across mobile, web, db, and shared workspaces.","apps/mobile; apps/web; packages/db; packages/shared"
"2026-05-06","0.2","Lint verification","Verification","Done","Verified web ESLint passes with zero warnings.","apps/web"
"2026-05-06","0.2","Build verification","Verification","Done","Verified Next production build compiles and statically generates the starter page.","apps/web"
"2026-05-06","0.2","Dev server","Verification","Running","Started web dev server for founder testing at http://localhost:3000.","apps/web"
"2026-05-06","0.2","Work log sheet","Documentation","Done","Created a CSV sheet to track every small piece of work completed during the build.","docs/work-log.csv"
"2026-05-06","0.3","Phase 0.2 tick","Checklist update","Done","Marked Phase 0.2 complete after founder confirmed tested perfect.","docs/phase-checklist.md; docs/work-log.csv"
"2026-05-06","0.3","Shared onboarding constants","Code","Done","Added demo OTP, minimum cuisine selections, and onboarding profile type.","packages/shared/src/index.ts"
"2026-05-06","0.3","Web onboarding flow","Code","Done","Built phone entry, demo OTP verification, cuisine selection, local persistence, and signed-in summary.","apps/web/components/onboarding-flow.tsx; apps/web/app/page.tsx"
"2026-05-06","0.3","Web onboarding styles","Code","Done","Added responsive onboarding layout, form controls, choice states, summaries, and errors.","apps/web/app/globals.css"
"2026-05-06","0.3","Phase 0.3 documentation","Documentation","Done","Documented placeholder auth approach, acceptance checklist, and founder test path.","docs/phase-0.3-auth-onboarding.md"
"2026-05-06","0.3","Mobile onboarding flow","Code","Done","Updated Expo shell with phone entry, demo OTP verification, cuisine selection, signed-in summary, and reset.","apps/mobile/app/index.tsx"
"2026-05-06","0.3","Mobile formatting fix","Tooling","Done","Ran Prettier on the updated Expo onboarding file after format check flagged it.","apps/mobile/app/index.tsx"
"2026-05-06","0.3","Web ESLint browser global","Tooling","Done","Allowed browser window global in the web ESLint config for client-side localStorage usage.","apps/web/eslint.config.mjs"
"2026-05-06","0.3","Phase 0.3 format verification","Verification","Done","Verified all matched files use Prettier style after onboarding changes.","Multiple repo files"
"2026-05-06","0.3","Phase 0.3 typecheck verification","Verification","Done","Verified TypeScript passes across mobile, web, db, and shared workspaces after onboarding changes.","apps/mobile; apps/web; packages/db; packages/shared"
"2026-05-06","0.3","Phase 0.3 lint verification","Verification","Done","Verified web ESLint passes with zero warnings after onboarding changes.","apps/web"
"2026-05-06","0.3","Phase 0.3 build verification","Verification","Done","Verified Next production build compiles and statically generates the onboarding page.","apps/web"
"2026-05-06","0.3","Phase 0.3 local smoke test","Verification","Done","Confirmed local web server returns HTTP 200 and renders the Phase 0.3 onboarding page.","http://localhost:3000"
"2026-05-06","0.3","Phase status script fix","Tooling","Done","Updated the phase status script to report the first unchecked gated tick instead of hardcoding Phase 0.2.","scripts/phase-status.mjs"
"2026-05-06","0.4","Phase 0.3 tick","Checklist update","Done","Marked Phase 0.3 complete after founder confirmed tested perfect.","docs/phase-checklist.md; docs/work-log.csv"
"2026-05-06","0.4","Hyderabad seed place types","Code","Done","Expanded the shared Phase 0 place type with address, coordinates, vibe tags, hero dish, source, booking URL, and phone fields.","packages/shared/src/index.ts"
"2026-05-06","0.4","Hyderabad seed data","Data","Done","Added 12 initial Hyderabad seed places across Biryani, Cafe, South Indian, Telugu, Street Food, Desserts, North Indian, and Pan Asian.","packages/shared/src/index.ts"
"2026-05-06","0.4","Seed place derived helpers","Code","Done","Added seed place area list and seed place count helpers.","packages/shared/src/index.ts"
"2026-05-06","0.4","Places test page","Code","Done","Added a /places route that renders the Hyderabad seed dataset with area, address, cuisines, vibe tags, hero dish, price band, and coordinates.","apps/web/app/places/page.tsx"
"2026-05-06","0.4","Places page styles","Code","Done","Added responsive styles for the /places seed data grid and cards.","apps/web/app/globals.css"
"2026-05-06","0.4","Core Supabase migration","Database","Done","Added PostGIS place schema, creator schema, recommendation schema, indexes, public read RLS policies, and seed inserts.","supabase/migrations/0001_core_place_schema.sql"
"2026-05-06","0.4","Phase 0.4 documentation","Documentation","Done","Documented the place database scope, schema purpose, acceptance checklist, and founder test path.","docs/phase-0.4-place-database.md"
"2026-05-06","0.4","Phase 0.4 doc formatting","Tooling","Done","Ran Prettier on the new Phase 0.4 documentation after format check flagged it.","docs/phase-0.4-place-database.md"
"2026-05-06","0.4","Phase 0.4 typecheck verification","Verification","Done","Verified TypeScript passes across mobile, web, db, and shared workspaces after seed data changes.","apps/mobile; apps/web; packages/db; packages/shared"
"2026-05-06","0.4","Phase 0.4 lint verification","Verification","Done","Verified web ESLint passes with zero warnings after the places page changes.","apps/web"
"2026-05-06","0.4","Phase 0.4 build verification","Verification","Done","Verified Next production build compiles and statically generates / and /places.","apps/web"
"2026-05-06","0.4","Phase 0.4 local smoke test","Verification","Done","Confirmed local web server returns HTTP 200 and renders 12 Hyderabad seed places at /places.","http://localhost:3000/places"
"2026-05-06","0.5","Phase 0.4 tick","Checklist update","Done","Marked Phase 0.4 complete after founder confirmed tested perfect.","docs/phase-checklist.md; docs/work-log.csv"
"2026-05-06","0.5","Universal Save shared types","Code","Done","Added save source, parsed save input, and saved place record types.","packages/shared/src/index.ts"
"2026-05-06","0.5","Universal Save parser utilities","Code","Done","Added source detection, URL extraction, creator handle extraction, seed place matching, and parseSaveInput helper.","packages/shared/src/index.ts"
"2026-05-06","0.5","Universal Save web component","Code","Done","Built paste, parse, attribution preview, save, local persistence, sample inputs, saved list, and clear saves flow.","apps/web/components/universal-save.tsx"
"2026-05-06","0.5","Universal Save route","Code","Done","Added /save route for Phase 0.5 founder testing.","apps/web/app/save/page.tsx"
"2026-05-06","0.5","Universal Save styles","Code","Done","Added responsive layout, textarea, sample buttons, save panels, and saved list styling.","apps/web/app/globals.css"
"2026-05-06","0.5","Phase 0.5 documentation","Documentation","Done","Documented Universal Save v1 scope, known limits, acceptance checklist, and founder test path.","docs/phase-0.5-universal-save.md"
"2026-05-06","0.5","Phase 0.5 formatting fix","Tooling","Done","Ran Prettier on the Universal Save component and Phase 0.5 documentation after format check flagged them.","apps/web/components/universal-save.tsx; docs/phase-0.5-universal-save.md"
"2026-05-06","0.5","Universal Save CSS compatibility fix","Tooling","Done","Changed flex alignment values to flex-end and flex-start to avoid autoprefixer compatibility warnings.","apps/web/app/globals.css"
"2026-05-06","0.5","Phase 0.5 typecheck verification","Verification","Done","Verified TypeScript passes across mobile, web, db, and shared workspaces after Universal Save changes.","apps/mobile; apps/web; packages/db; packages/shared"
"2026-05-06","0.5","Phase 0.5 lint verification","Verification","Done","Verified web ESLint passes with zero warnings after Universal Save changes.","apps/web"
"2026-05-06","0.5","Phase 0.5 build verification","Verification","Done","Verified Next production build compiles and statically generates /save.","apps/web"
"2026-05-06","0.5","Phase 0.5 local smoke test","Verification","Done","Confirmed local web server returns HTTP 200 and renders the Universal Save v1 page at /save.","http://localhost:3000/save"
"2026-05-06","0.5","Universal Save UX correction","Design","Done","Reworked the /save page into a clearer product surface with top navigation, step rail, stronger attribution panel, sample buttons, source chips, and saved-card metadata.","apps/web/components/universal-save.tsx"
"2026-05-06","0.5","Global UI polish","Design","Done","Improved app-level CSS tokens, surfaces, hover states, form focus states, sticky attribution panel, responsive layout, and card interactions.","apps/web/app/globals.css"
"2026-05-06","0.5","Next Link navigation fix","Code fix","Done","Replaced internal anchor navigation in the Save topbar with Next.js Link components.","apps/web/components/universal-save.tsx"
"2026-05-06","0.5","UI correction verification","Verification","Done","Verified format, typecheck, lint, build, restarted stale dev server, and confirmed /save returns HTTP 200 after UI/UX polish.","apps/web; http://localhost:3000/save"
"2026-05-06","0.6","Phase 0.5 tick","Checklist update","Done","Marked Phase 0.5 complete after founder confirmed tasted perfect, treated as tested perfect.","docs/phase-checklist.md; docs/work-log.csv"
"2026-05-06","0.6","Shared save storage key","Code","Done","Moved the Phase 0 saved places localStorage key into shared code so /save and /map read the same data.","packages/shared/src/index.ts; apps/web/components/universal-save.tsx"
"2026-05-06","0.6","Seed place lookup helper","Code","Done","Added getSeedPlaceById helper to enrich saved place records with seed database details.","packages/shared/src/index.ts"
"2026-05-06","0.6","Personal Map component","Code","Done","Built /map client component with local saves loading, seed enrichment, filters, selected place panel, map pins, and synced cards.","apps/web/components/personal-map.tsx"
"2026-05-06","0.6","Personal Map route","Code","Done","Added /map route for Phase 0.6 founder testing.","apps/web/app/map/page.tsx"
"2026-05-06","0.6","Personal Map styles","Design","Done","Added map canvas, grid, pins, legend, filters, selected panel, active cards, and responsive map layout styles.","apps/web/app/globals.css"
"2026-05-06","0.6","Phase 0.6 documentation","Documentation","Done","Documented Personal Map v1 scope, map-like approach, acceptance checklist, and founder test path.","docs/phase-0.6-personal-map.md"
"2026-05-06","0.6","Phase 0.6 formatting fix","Tooling","Done","Ran Prettier on the Personal Map component, CSS, and Phase 0.6 documentation after format check flagged them.","apps/web/components/personal-map.tsx; apps/web/app/globals.css; docs/phase-0.6-personal-map.md"
"2026-05-06","0.6","Cuisine filter type fix","Code fix","Done","Changed cuisine filter matching from includes to explicit some comparison to satisfy strict readonly seed tuple types.","apps/web/components/personal-map.tsx"
"2026-05-06","0.6","Personal Map final formatting","Tooling","Done","Ran Prettier on the Personal Map component after the cuisine filter type fix.","apps/web/components/personal-map.tsx"
"2026-05-06","0.6","Phase 0.6 typecheck verification","Verification","Done","Verified TypeScript passes across mobile, web, db, and shared workspaces after Personal Map changes.","apps/mobile; apps/web; packages/db; packages/shared"
"2026-05-06","0.6","Phase 0.6 lint verification","Verification","Done","Verified web ESLint passes with zero warnings after Personal Map changes.","apps/web"
"2026-05-06","0.6","Phase 0.6 build verification","Verification","Done","Verified Next production build compiles and statically generates /map.","apps/web"
"2026-05-06","0.6","Phase 0.6 local smoke test","Verification","Done","Confirmed local web server returns HTTP 200 and renders the Personal Map v1 page at /map.","http://localhost:3000/map"
"2026-05-06","0.7","Blanket founder approval","Process","Done","Founder gave permission to continue through all remaining checklist ticks without stopping for per-tick tested perfect confirmation.","docs/phase-checklist.md; docs/work-log.csv"
"2026-05-06","0.7","Phase 0.6 tick","Checklist update","Done","Marked Phase 0.6 complete under blanket founder approval after implementation and verification were already complete.","docs/phase-checklist.md; docs/work-log.csv"
"2026-05-06","0.7","Feed creator seed data","Data","Done","Added Phase 0 creator profiles with authenticity scores.","packages/shared/src/index.ts"
"2026-05-06","0.7","Feed recommendation seed data","Data","Done","Added creator-led feed recommendations linked to Hyderabad seed places with disclosures, moods, saves, booking intent, and live tease flag.","packages/shared/src/index.ts"
"2026-05-06","0.7","For You Feed component","Code","Done","Built /feed component with saved-area personalization, creator recommendation cards, trust scores, disclosures, and live teaser support.","apps/web/components/for-you-feed.tsx"
"2026-05-06","0.7","For You Feed route","Code","Done","Added /feed route for Phase 0.7 founder testing.","apps/web/app/feed/page.tsx"
"2026-05-06","0.7","For You Feed styles","Design","Done","Added feed hero, context panel, recommendation cards, media treatment, creator row, actions, and responsive layout styles.","apps/web/app/globals.css"
"2026-05-06","0.7","Phase 0.7 documentation","Documentation","Done","Documented For You Feed v1 scope, acceptance checklist, and founder test path.","docs/phase-0.7-for-you-feed.md"
"2026-05-06","0.7","Phase 0.7 formatting fix","Tooling","Done","Ran Prettier on feed CSS and Phase 0.7 documentation after format check flagged them.","apps/web/app/globals.css; docs/phase-0.7-for-you-feed.md"
"2026-05-06","0.7","Feed optional flag type fix","Code fix","Done","Typed sorted feed as FeedRecommendation[] and used Boolean checks for the optional live-tease flag.","apps/web/components/for-you-feed.tsx"
"2026-05-06","0.7","Feed CSS compatibility fix","Tooling","Done","Changed feed media alignment from end to flex-end to avoid autoprefixer warnings.","apps/web/app/globals.css"
"2026-05-06","0.7","Phase 0.7 typecheck verification","Verification","Done","Verified TypeScript passes across mobile, web, db, and shared workspaces after For You Feed changes.","apps/mobile; apps/web; packages/db; packages/shared"
"2026-05-06","0.7","Phase 0.7 lint verification","Verification","Done","Verified web ESLint passes with zero warnings after For You Feed changes.","apps/web"
"2026-05-06","0.7","Phase 0.7 build verification","Verification","Done","Verified Next production build compiles and statically generates /feed.","apps/web"
"2026-05-06","0.7","Phase 0.7 local smoke test","Verification","Done","Confirmed local web server returns HTTP 200 and renders the For You Feed v1 page at /feed.","http://localhost:3000/feed"
"2026-05-06","0.7","Phase 0.7 tick","Checklist update","Done","Marked Phase 0.7 complete under blanket founder approval after implementation and verification.","docs/phase-checklist.md; docs/work-log.csv"
"2026-05-06","0.8","Seed booking URLs","Data","Done","Added affiliate-style booking URLs to Hyderabad seed places.","packages/shared/src/index.ts"
"2026-05-06","0.8","Booking intent shared types","Code","Done","Added booking intent localStorage key and booking intent record type.","packages/shared/src/index.ts"
"2026-05-06","0.8","Affiliate booking flow","Code","Done","Built /book component with bookable place cards, saved attribution, provider detection, local intent logging, and affiliate/fallback opening.","apps/web/components/booking-flow.tsx"
"2026-05-06","0.8","Booking route","Code","Done","Added /book route for Phase 0.8 founder testing.","apps/web/app/book/page.tsx"
"2026-05-06","0.8","Booking styles","Design","Done","Added booking hero, context panel, booking cards, saved attribution border, and responsive layout styles.","apps/web/app/globals.css"
"2026-05-06","0.8","Phase 0.8 documentation","Documentation","Done","Documented affiliate booking scope, acceptance checklist, and founder test path.","docs/phase-0.8-affiliate-booking.md"
"2026-05-06","0.8","Phase 0.8 formatting fix","Tooling","Done","Ran Prettier on the booking flow component and Phase 0.8 documentation after format check flagged them.","apps/web/components/booking-flow.tsx; docs/phase-0.8-affiliate-booking.md"
"2026-05-06","0.8","Seed lookup return type fix","Code fix","Done","Widened getSeedPlaceById return type to PhaseZeroPlace | undefined so booking fallback logic supports future places without URLs.","packages/shared/src/index.ts"
"2026-05-06","0.8","Phase 0.8 typecheck verification","Verification","Done","Verified TypeScript passes across mobile, web, db, and shared workspaces after booking changes.","apps/mobile; apps/web; packages/db; packages/shared"
"2026-05-06","0.8","Phase 0.8 lint verification","Verification","Done","Verified web ESLint passes with zero warnings after booking changes.","apps/web"
"2026-05-06","0.8","Phase 0.8 build verification","Verification","Done","Verified Next production build compiles and statically generates /book.","apps/web"
"2026-05-06","0.8","Phase 0.8 local smoke test","Verification","Done","Confirmed local web server returns HTTP 200 and renders the affiliate booking page at /book.","http://localhost:3000/book"
"2026-05-06","0.8","Phase 0.8 tick","Checklist update","Done","Marked Phase 0.8 complete under blanket founder approval after implementation and verification.","docs/phase-checklist.md; docs/work-log.csv"
"2026-05-06","0.9","Reward shared types","Code","Done","Added rewards/referrals localStorage keys plus reward and referral record types.","packages/shared/src/index.ts"
"2026-05-06","0.9","Rewards panel","Code","Done","Built /rewards component with scratch-card eligibility from booking intents, deterministic reward unlocks, wallet balance, reward history, referral code, and invite simulation.","apps/web/components/rewards-panel.tsx"
"2026-05-06","0.9","Rewards route","Code","Done","Added /rewards route for Phase 0.9 founder testing.","apps/web/app/rewards/page.tsx"
"2026-05-06","0.9","Rewards styles","Design","Done","Added rewards hero, scratch-card panel, referral panel, scratch cards, wallet layout, and responsive styles.","apps/web/app/globals.css"
"2026-05-06","0.9","Phase 0.9 documentation","Documentation","Done","Documented scratch-card and referral basics scope, acceptance checklist, and founder test path.","docs/phase-0.9-rewards-referrals.md"
"2026-05-06","0.9","Phase 0.9 formatting fix","Tooling","Done","Ran Prettier on rewards CSS, component, and documentation after format check flagged them.","apps/web/app/globals.css; apps/web/components/rewards-panel.tsx; docs/phase-0.9-rewards-referrals.md"
"2026-05-06","0.9","Phase 0.9 typecheck verification","Verification","Done","Verified TypeScript passes across mobile, web, db, and shared workspaces after rewards changes.","apps/mobile; apps/web; packages/db; packages/shared"
"2026-05-06","0.9","Phase 0.9 lint verification","Verification","Done","Verified web ESLint passes with zero warnings after rewards changes.","apps/web"
"2026-05-06","0.9","Phase 0.9 build verification","Verification","Done","Verified Next production build compiles and statically generates /rewards.","apps/web"
"2026-05-06","0.9","Phase 0.9 local smoke test","Verification","Done","Confirmed local web server returns HTTP 200 and renders the rewards page at /rewards.","http://localhost:3000/rewards"
"2026-05-06","0.9","Phase 0.9 tick","Checklist update","Done","Marked Phase 0.9 complete under blanket founder approval after implementation and verification.","docs/phase-checklist.md; docs/work-log.csv"
"2026-05-06","0.10","Creator lookup helpers","Code","Done","Added getCreatorByHandle and getRecommendationsByCreator helpers for creator vanity pages.","packages/shared/src/index.ts"
"2026-05-06","0.10","Creator vanity route","Code","Done","Added /@handle creator vanity pages with trust score, recommendations, disclosures, and save/book actions.","apps/web/app/@[handle]/page.tsx"
"2026-05-06","0.10","Creators index route","Code","Done","Added /creators index with seed creator cards and vanity page links.","apps/web/app/creators/page.tsx"
"2026-05-06","0.10","Creator page styles","Design","Done","Added creator shell, hero, onboarding panel, and recommendations layout styles.","apps/web/app/globals.css"
"2026-05-06","0.10","Phase 0.10 documentation","Documentation","Done","Documented creator vanity page scope, acceptance checklist, and founder test path.","docs/phase-0.10-creator-pages.md"
"2026-05-06","0.10","Creator route shape fix","Code fix","Done","Moved creator vanity pages from reserved App Router @ folder syntax to /creator/[handle], and updated creator index links.","apps/web/app/creator/[handle]/page.tsx; apps/web/app/creators/page.tsx; docs/phase-0.10-creator-pages.md"
"2026-05-06","0.10","Next cache cleanup","Tooling","Done","Cleared stale generated Next route types after removing the reserved @ route folder.","apps/web/.next"
"2026-05-06","0.10","Phase 0.10 typecheck verification","Verification","Done","Verified TypeScript passes across mobile, web, db, and shared workspaces after creator page changes.","apps/mobile; apps/web; packages/db; packages/shared"
"2026-05-06","0.10","Phase 0.10 lint verification","Verification","Done","Verified web ESLint passes with zero warnings after creator page changes.","apps/web"
"2026-05-06","0.10","Phase 0.10 build verification","Verification","Done","Verified Next production build compiles and statically generates /creators plus seed /creator/[handle] pages.","apps/web"
"2026-05-06","0.10","Phase 0.10 local smoke test","Verification","Done","Confirmed local web server returns HTTP 200 for /creators and /creator/hyderabadfoodie.","http://localhost:3000/creators; http://localhost:3000/creator/hyderabadfoodie"
"2026-05-06","0.10","Phase 0.10 tick","Checklist update","Done","Marked Phase 0.10 complete under blanket founder approval after implementation and verification.","docs/phase-checklist.md; docs/work-log.csv"
"2026-05-06","0.11","Analytics shared types","Code","Done","Added analytics event storage key, event names, and typed analytics event records.","packages/shared/src/index.ts"
"2026-05-06","0.11","Analytics client helper","Code","Done","Added local event reader and tracker with a browser event dispatch for live dashboard refreshes.","apps/web/lib/analytics.ts"
"2026-05-06","0.11","Save analytics instrumentation","Code","Done","Tracked save page views, parsed saves, matched places, confidence, source, and created saves.","apps/web/components/universal-save.tsx"
"2026-05-06","0.11","Booking analytics instrumentation","Code","Done","Tracked booking page views and affiliate booking intent events with provider and attribution metadata.","apps/web/components/booking-flow.tsx"
"2026-05-06","0.11","Rewards analytics instrumentation","Code","Done","Tracked rewards page views, scratch-card unlocks, and referral invite taps.","apps/web/components/rewards-panel.tsx"
"2026-05-06","0.11","Launch analytics dashboard","Code","Done","Built /analytics with funnel, creator attribution, page-view retention, latest events, and conversion metrics.","apps/web/components/launch-analytics.tsx; apps/web/app/analytics/page.tsx"
"2026-05-06","0.11","Analytics dashboard styles","Design","Done","Added responsive analytics hero, panels, funnel rows, attribution table, and event stream styles.","apps/web/app/globals.css"
"2026-05-06","0.11","Phase 0.11 documentation","Documentation","Done","Documented launch analytics scope, test path, and production migration note.","docs/phase-0.11-launch-analytics.md"
"2026-05-06","0.11","Analytics self-refresh fix","Code fix","Done","Updated the analytics page to refresh its own event count immediately after recording the /analytics page view.","apps/web/components/launch-analytics.tsx"
"2026-05-06","0.11","Phase 0.11 formatting fix","Tooling","Done","Ran Prettier on the analytics dashboard and CSS after format check flagged them.","apps/web/components/launch-analytics.tsx; apps/web/app/globals.css"
"2026-05-06","0.11","Phase 0.11 typecheck verification","Verification","Done","Verified TypeScript passes across mobile, web, db, and shared workspaces after analytics changes.","apps/mobile; apps/web; packages/db; packages/shared"
"2026-05-06","0.11","Phase 0.11 lint verification","Verification","Done","Verified web ESLint passes with zero warnings after analytics changes.","apps/web"
"2026-05-06","0.11","Phase 0.11 build verification","Verification","Done","Verified Next production build compiles and statically generates /analytics.","apps/web"
"2026-05-06","0.11","Dev server CSS refresh","Tooling","Done","Restarted the localhost dev server after build rewrote generated assets so browser CSS loaded correctly.","http://localhost:3000"
"2026-05-06","0.11","Phase 0.11 local smoke test","Verification","Done","Confirmed local web server returns HTTP 200 for /analytics and CSS asset serves after dev refresh.","http://localhost:3000/analytics"
"2026-05-06","0.11","Phase 0.11 browser visual check","Verification","Done","Verified /analytics in the in-app browser with styled hero, metric cards, funnel panel, and event count refresh.","http://localhost:3000/analytics"
"2026-05-06","0.11","Phase 0.11 tick","Checklist update","Done","Marked Phase 0.11 complete under blanket founder approval after implementation and verification.","docs/phase-checklist.md; docs/work-log.csv"
"2026-05-06","0.12","Phase 0 exit targets","Code","Done","Added shared Phase 0 exit targets for beta users, creators, weekly saves, return rate, and seed places.","packages/shared/src/index.ts"
"2026-05-06","0.12","QA founder review page","Code","Done","Built /qa with readiness score, founder test gates, exit metrics, session proof, and known beta gaps.","apps/web/components/phase-zero-qa.tsx; apps/web/app/qa/page.tsx"
"2026-05-06","0.12","QA page styles","Design","Done","Added responsive QA hero, readiness meter, checklist rows, metric grid, and gap cards.","apps/web/app/globals.css"
"2026-05-06","0.12","Phase 0.12 documentation","Documentation","Done","Documented QA scope, founder test path, and Phase 0 exit criteria reference.","docs/phase-0.12-qa-beta-readiness.md"
"2026-05-06","0.12","Phase 0.12 formatting fix","Tooling","Done","Ran Prettier on the QA page and CSS after format check flagged them.","apps/web/components/phase-zero-qa.tsx; apps/web/app/globals.css"
"2026-05-06","0.12","Phase 0.12 typecheck verification","Verification","Done","Verified TypeScript passes across mobile, web, db, and shared workspaces after QA changes.","apps/mobile; apps/web; packages/db; packages/shared"
"2026-05-06","0.12","Phase 0.12 lint verification","Verification","Done","Verified web ESLint passes with zero warnings after QA changes.","apps/web"
"2026-05-06","0.12","Phase 0.12 build verification","Verification","Done","Verified Next production build compiles and statically generates /qa.","apps/web"
"2026-05-06","0.12","Phase 0.12 local smoke test","Verification","Done","Confirmed local web server returns HTTP 200 for /qa.","http://localhost:3000/qa"
"2026-05-06","0.12","Phase 0.12 browser visual check","Verification","Done","Verified /qa in the in-app browser with styled readiness meter, checklist, and responsive layout.","http://localhost:3000/qa"
"2026-05-06","0.12","Phase 0.12 tick","Checklist update","Done","Marked Phase 0.12 complete under blanket founder approval after implementation and verification.","docs/phase-checklist.md; docs/work-log.csv"
"2026-05-06","1.1","Restaurant claim shared types","Code","Done","Added restaurant claim storage key, claim record type, and restaurant claim analytics event name.","packages/shared/src/index.ts"
"2026-05-06","1.1","Restaurant claim flow","Code","Done","Built /restaurants/claim with seed listing selection, owner details, GST/FSSAI validation, local persistence, and latest claim review panel.","apps/web/components/restaurant-claim-flow.tsx; apps/web/app/restaurants/claim/page.tsx"
"2026-05-06","1.1","Restaurant claim styles","Design","Done","Added responsive claim hero, form, two-column compliance fields, review panel, and message states.","apps/web/app/globals.css"
"2026-05-06","1.1","Phase 1.1 documentation","Documentation","Done","Documented restaurant claim scope, founder test path, and production verification notes.","docs/phase-1.1-restaurant-claim.md"
"2026-05-06","1.1","Restaurant claim type fix","Code fix","Done","Widened selected place state to string so the listing selector can switch between seed restaurant IDs.","apps/web/components/restaurant-claim-flow.tsx"
"2026-05-06","1.1","Phase 1.1 formatting fix","Tooling","Done","Ran Prettier on the restaurant claim flow and CSS after format check flagged them.","apps/web/components/restaurant-claim-flow.tsx; apps/web/app/globals.css"
"2026-05-06","1.1","Phase 1.1 typecheck verification","Verification","Done","Verified TypeScript passes across mobile, web, db, and shared workspaces after restaurant claim changes.","apps/mobile; apps/web; packages/db; packages/shared"
"2026-05-06","1.1","Phase 1.1 lint verification","Verification","Done","Verified web ESLint passes with zero warnings after restaurant claim changes.","apps/web"
"2026-05-06","1.1","Phase 1.1 build verification","Verification","Done","Verified Next production build compiles and statically generates /restaurants/claim.","apps/web"
"2026-05-06","1.1","Phase 1.1 local smoke test","Verification","Done","Confirmed local web server returns HTTP 200 for /restaurants/claim.","http://localhost:3000/restaurants/claim"
"2026-05-06","1.1","Phase 1.1 browser form test","Verification","Done","Submitted a test restaurant claim in the in-app browser and verified the ops-review confirmation plus latest claim panel.","http://localhost:3000/restaurants/claim"
"2026-05-06","1.1","Phase 1.1 tick","Checklist update","Done","Marked Phase 1.1 complete under blanket founder approval after implementation and verification.","docs/phase-checklist.md; docs/work-log.csv"
"2026-05-06","1.2","Restaurant attribution dashboard","Code","Done","Built /restaurants/dashboard with creator saves, bookings, conversion rate, estimated revenue, and claimed restaurant context.","apps/web/components/restaurant-attribution-dashboard.tsx; apps/web/app/restaurants/dashboard/page.tsx"
"2026-05-06","1.2","Restaurant attribution styles","Design","Done","Added responsive restaurant dashboard hero, attribution table, insight panel, and mobile overflow handling.","apps/web/app/globals.css"
"2026-05-06","1.2","Phase 1.2 documentation","Documentation","Done","Documented attribution dashboard scope, founder test path, and temporary AOV assumptions.","docs/phase-1.2-restaurant-attribution-dashboard.md"
"2026-05-06","1.2","Phase 1.2 formatting fix","Tooling","Done","Ran Prettier on the restaurant attribution dashboard and CSS after format check flagged them.","apps/web/components/restaurant-attribution-dashboard.tsx; apps/web/app/globals.css"
"2026-05-06","1.2","Phase 1.2 typecheck verification","Verification","Done","Verified TypeScript passes across mobile, web, db, and shared workspaces after attribution dashboard changes.","apps/mobile; apps/web; packages/db; packages/shared"
"2026-05-06","1.2","Phase 1.2 lint verification","Verification","Done","Verified web ESLint passes with zero warnings after attribution dashboard changes.","apps/web"
"2026-05-06","1.2","Phase 1.2 build verification","Verification","Done","Verified Next production build compiles and statically generates /restaurants/dashboard.","apps/web"
"2026-05-06","1.2","Phase 1.2 local smoke test","Verification","Done","Confirmed local web server returns HTTP 200 for /restaurants/dashboard.","http://localhost:3000/restaurants/dashboard"
"2026-05-06","1.2","Phase 1.2 browser visual check","Verification","Done","Verified /restaurants/dashboard in the in-app browser with styled hero metrics, attribution table, and restaurant insight panel.","http://localhost:3000/restaurants/dashboard"
"2026-05-06","1.2","Phase 1.2 tick","Checklist update","Done","Marked Phase 1.2 complete under blanket founder approval after implementation and verification.","docs/phase-checklist.md; docs/work-log.csv"
"2026-05-06","1.3","Direct booking shared types","Code","Done","Added direct booking storage key, availability slot type, direct booking record type, analytics event name, and seed partner slots.","packages/shared/src/index.ts"
"2026-05-06","1.3","Direct booking flow","Code","Done","Built /book/direct with partner slots, selected slot summary, diner details, party-size validation, and local confirmation persistence.","apps/web/components/direct-booking-flow.tsx; apps/web/app/book/direct/page.tsx"
"2026-05-06","1.3","Direct booking styles","Design","Done","Added responsive direct booking hero, slot cards, sticky confirmation form, and active slot states.","apps/web/app/globals.css"
"2026-05-06","1.3","Phase 1.3 documentation","Documentation","Done","Documented direct booking scope, founder test path, and production availability sync notes.","docs/phase-1.3-direct-booking.md"
"2026-05-06","1.3","Availability seed ID fix","Data fix","Done","Corrected partner availability slots to reference existing Hyderabad seed place IDs so all slots render.","packages/shared/src/index.ts"
"2026-05-06","1.3","Phase 1.3 formatting fix","Tooling","Done","Ran Prettier on the direct booking flow and CSS after format check flagged them.","apps/web/components/direct-booking-flow.tsx; apps/web/app/globals.css"
"2026-05-06","1.3","Phase 1.3 typecheck verification","Verification","Done","Verified TypeScript passes across mobile, web, db, and shared workspaces after direct booking changes.","apps/mobile; apps/web; packages/db; packages/shared"
"2026-05-06","1.3","Phase 1.3 lint verification","Verification","Done","Verified web ESLint passes with zero warnings after direct booking changes.","apps/web"
"2026-05-06","1.3","Phase 1.3 build verification","Verification","Done","Verified Next production build compiles and statically generates /book/direct.","apps/web"
"2026-05-06","1.3","Phase 1.3 local smoke test","Verification","Done","Confirmed local web server returns HTTP 200 for /book/direct and renders all four partner slots.","http://localhost:3000/book/direct"
"2026-05-06","1.3","Phase 1.3 browser form test","Verification","Done","Confirmed a direct booking in the in-app browser and verified the success message plus styled slot/form layout.","http://localhost:3000/book/direct"
"2026-05-06","1.3","Phase 1.3 tick","Checklist update","Done","Marked Phase 1.3 complete under blanket founder approval after implementation and verification.","docs/phase-checklist.md; docs/work-log.csv"
"2026-05-06","1.4","Verified review shared types","Code","Done","Added verified review storage key, review record type, and verified review analytics event name.","packages/shared/src/index.ts"
"2026-05-06","1.4","Verified review flow","Code","Done","Built /reviews with confirmed direct-booking eligibility, rating, dish callout, content validation, local persistence, and Verified Eater badge display.","apps/web/components/verified-review-flow.tsx; apps/web/app/reviews/page.tsx"
"2026-05-06","1.4","Verified review styles","Design","Done","Added responsive reviews hero, review form, sticky review list panel, badge styling, and review cards.","apps/web/app/globals.css"
"2026-05-06","1.4","Phase 1.4 documentation","Documentation","Done","Documented verified-eater review scope, founder test path, and production bill-scan eligibility note.","docs/phase-1.4-verified-eater-reviews.md"
"2026-05-06","1.4","Phase 1.4 formatting fix","Tooling","Done","Ran Prettier on reviews CSS after format check flagged it.","apps/web/app/globals.css"
"2026-05-06","1.4","Phase 1.4 typecheck verification","Verification","Done","Verified TypeScript passes across mobile, web, db, and shared workspaces after verified review changes.","apps/mobile; apps/web; packages/db; packages/shared"
"2026-05-06","1.4","Phase 1.4 lint verification","Verification","Done","Verified web ESLint passes with zero warnings after verified review changes.","apps/web"
"2026-05-06","1.4","Phase 1.4 build verification","Verification","Done","Verified Next production build compiles and statically generates /reviews.","apps/web"
"2026-05-06","1.4","Phase 1.4 local smoke test","Verification","Done","Confirmed local web server returns HTTP 200 for /reviews.","http://localhost:3000/reviews"
"2026-05-06","1.4","Phase 1.4 browser form test","Verification","Done","Published a review from a confirmed direct booking in the in-app browser and verified the Verified Eater badge output.","http://localhost:3000/reviews"
"2026-05-06","1.4","Phase 1.4 tick","Checklist update","Done","Marked Phase 1.4 complete under blanket founder approval after implementation and verification.","docs/phase-checklist.md; docs/work-log.csv"
"2026-05-06","1.5","Authenticity score weights","Code","Done","Added shared Authenticity Score component weights from the PRD.","packages/shared/src/index.ts"
"2026-05-06","1.5","Authenticity score dashboard","Code","Done","Built /creators/trust with creator score cards, five weighted components, median score, and MVP save/booking/review signals.","apps/web/components/authenticity-score-dashboard.tsx; apps/web/app/creators/trust/page.tsx"
"2026-05-06","1.5","Authenticity score styles","Design","Done","Added responsive trust hero, creator score cards, score badges, and component progress bars.","apps/web/app/globals.css"
"2026-05-06","1.5","Phase 1.5 documentation","Documentation","Done","Documented Authenticity Score scope, weights, founder test path, and server-side production note.","docs/phase-1.5-authenticity-score.md"
"2026-05-06","1.5","Build warning cleanup","Code fix","Done","Replaced CSS align-items start values with flex-start so the production build is free of Autoprefixer warnings.","apps/web/app/globals.css"
"2026-05-06","1.5","Phase 1.5 formatting fix","Tooling","Done","Ran Prettier on the Authenticity Score dashboard and CSS after format check flagged them.","apps/web/components/authenticity-score-dashboard.tsx; apps/web/app/globals.css"
"2026-05-06","1.5","Phase 1.5 typecheck verification","Verification","Done","Verified TypeScript passes across mobile, web, db, and shared workspaces after Authenticity Score changes.","apps/mobile; apps/web; packages/db; packages/shared"
"2026-05-06","1.5","Phase 1.5 lint verification","Verification","Done","Verified web ESLint passes with zero warnings after Authenticity Score changes.","apps/web"
"2026-05-06","1.5","Phase 1.5 build verification","Verification","Done","Verified Next production build compiles and statically generates /creators/trust with no CSS build warnings.","apps/web"
"2026-05-06","1.5","Phase 1.5 local smoke test","Verification","Done","Confirmed local web server returns HTTP 200 for /creators/trust.","http://localhost:3000/creators/trust"
"2026-05-06","1.5","Phase 1.5 browser visual check","Verification","Done","Verified /creators/trust in the in-app browser with styled score cards, metric cards, and component bars.","http://localhost:3000/creators/trust"
"2026-05-06","1.5","Phase 1.5 tick","Checklist update","Done","Marked Phase 1.5 complete under blanket founder approval after implementation and verification.","docs/phase-checklist.md; docs/work-log.csv"
"2026-05-06","1.6","Live Fest shared types","Code","Done","Added live fest records, reservation records, reservation storage key, analytics event name, and seed live fest data.","packages/shared/src/index.ts"
"2026-05-06","1.6","Live Fest board","Code","Done","Built /live with scheduled/live/replay cards, creator/place context, discount CTAs, slot counters, and reservation persistence.","apps/web/components/live-fest-board.tsx; apps/web/app/live/page.tsx"
"2026-05-06","1.6","Live Fest styles","Design","Done","Added dark live commerce styling, status pills, slot counter bars, responsive live grid, and reserved message state.","apps/web/app/globals.css"
"2026-05-06","1.6","Phase 1.6 documentation","Documentation","Done","Documented Live Fest scope, founder test path, and production Mux/realtime notes.","docs/phase-1.6-rasa-live-fest.md"
"2026-05-06","1.6","Phase 1.6 formatting fix","Tooling","Done","Ran Prettier on Live Fest CSS after format check flagged it.","apps/web/app/globals.css"
"2026-05-06","1.6","Phase 1.6 typecheck verification","Verification","Done","Verified TypeScript passes across mobile, web, db, and shared workspaces after Live Fest changes.","apps/mobile; apps/web; packages/db; packages/shared"
"2026-05-06","1.6","Phase 1.6 lint verification","Verification","Done","Verified web ESLint passes with zero warnings after Live Fest changes.","apps/web"
"2026-05-06","1.6","Phase 1.6 build verification","Verification","Done","Verified Next production build compiles and statically generates /live.","apps/web"
"2026-05-06","1.6","Phase 1.6 local smoke test","Verification","Done","Confirmed local web server returns HTTP 200 for /live.","http://localhost:3000/live"
"2026-05-06","1.6","Phase 1.6 browser reservation test","Verification","Done","Reserved a Live Fest slot in the in-app browser and verified the counter, message, and reserved button state.","http://localhost:3000/live"
"2026-05-06","1.6","Phase 1.6 tick","Checklist update","Done","Marked Phase 1.6 complete under blanket founder approval after implementation and verification.","docs/phase-checklist.md; docs/work-log.csv"
"2026-05-07","1.7","Restaurant SaaS shared types","Code","Done","Added restaurant SaaS plans, subscription storage key, subscription record type, and subscription analytics event name.","packages/shared/src/index.ts"
"2026-05-07","1.7","Restaurant billing page","Code","Done","Built /restaurants/billing with plan cards, active subscription state, draft invoice status, claimed-account context, and MRR summary.","apps/web/components/restaurant-billing.tsx; apps/web/app/restaurants/billing/page.tsx"
"2026-05-07","1.7","Restaurant billing styles","Design","Done","Added responsive billing hero, plan grid, benefit chips, active plan state, and sticky billing summary panel.","apps/web/app/globals.css"
"2026-05-07","1.7","Phase 1.7 documentation","Documentation","Done","Documented restaurant SaaS billing scope, founder test path, and Razorpay/GST production notes.","docs/phase-1.7-restaurant-saas-billing.md"
"2026-05-07","1.7","Phase 1.7 formatting fix","Tooling","Done","Ran Prettier on billing CSS after format check flagged it.","apps/web/app/globals.css"
"2026-05-07","1.7","Phase 1.7 typecheck verification","Verification","Done","Verified TypeScript passes across mobile, web, db, and shared workspaces after billing changes.","apps/mobile; apps/web; packages/db; packages/shared"
"2026-05-07","1.7","Phase 1.7 lint verification","Verification","Done","Verified web ESLint passes with zero warnings after billing changes.","apps/web"
"2026-05-07","1.7","Phase 1.7 build verification","Verification","Done","Verified Next production build compiles and statically generates /restaurants/billing.","apps/web"
"2026-05-07","1.7","Phase 1.7 local smoke test","Verification","Done","Confirmed local web server returns HTTP 200 for /restaurants/billing.","http://localhost:3000/restaurants/billing"
"2026-05-07","1.7","Phase 1.7 browser billing test","Verification","Done","Submitted a restaurant claim, activated the Growth plan in the in-app browser, and verified current plan plus MRR state.","http://localhost:3000/restaurants/billing"
"2026-05-07","1.7","Phase 1.7 tick","Checklist update","Done","Marked Phase 1.7 complete under blanket founder approval after implementation and verification.","docs/phase-checklist.md; docs/work-log.csv"
"2026-05-07","1.8","Promotion shared types","Code","Done","Added pay-per-booking promotion storage key, mood slots, promotion record type, and promotion analytics event name.","packages/shared/src/index.ts"
"2026-05-07","1.8","Promotion console","Code","Done","Built /restaurants/promotions with claimed restaurant context, mood slot selection, bid validation, budget cap, max booking calculation, and active queue.","apps/web/components/pay-per-booking-promotions.tsx; apps/web/app/restaurants/promotions/page.tsx"
"2026-05-07","1.8","Promotion styles","Design","Done","Added responsive promotions hero, campaign form, sticky controls, and active campaign queue cards.","apps/web/app/globals.css"
"2026-05-07","1.8","Phase 1.8 documentation","Documentation","Done","Documented pay-per-booking promotion scope, founder test path, and production auction/budget burn notes.","docs/phase-1.8-pay-per-booking-promotions.md"
"2026-05-07","1.8","Phase 1.8 formatting fix","Tooling","Done","Ran Prettier on the promotions console and CSS after format check flagged them.","apps/web/components/pay-per-booking-promotions.tsx; apps/web/app/globals.css"
"2026-05-07","1.8","Phase 1.8 typecheck verification","Verification","Done","Verified TypeScript passes across mobile, web, db, and shared workspaces after promotions changes.","apps/mobile; apps/web; packages/db; packages/shared"
"2026-05-07","1.8","Phase 1.8 lint verification","Verification","Done","Verified web ESLint passes with zero warnings after promotions changes.","apps/web"
"2026-05-07","1.8","Phase 1.8 build verification","Verification","Done","Verified Next production build compiles and statically generates /restaurants/promotions.","apps/web"
"2026-05-07","1.8","Phase 1.8 local smoke test","Verification","Done","Confirmed local web server returns HTTP 200 for /restaurants/promotions.","http://localhost:3000/restaurants/promotions"
"2026-05-07","1.8","Phase 1.8 browser promotion test","Verification","Done","Created a Date Night promotion in the in-app browser and verified budget, max bookings, and active queue state.","http://localhost:3000/restaurants/promotions"
"2026-05-07","1.8","Phase 1.8 tick","Checklist update","Done","Marked Phase 1.8 complete under blanket founder approval after implementation and verification.","docs/phase-checklist.md; docs/work-log.csv"
"2026-05-07","1.9","Phase 1 exit targets","Code","Done","Added shared Phase 1 exit targets for MRR, Live Fest fill rate, SaaS attach, restaurants, creators, and users.","packages/shared/src/index.ts"
"2026-05-07","1.9","Revenue readiness page","Code","Done","Built /phase-1-qa with revenue loop gates, PRD exit targets, session proof metrics, and known pre-revenue gaps.","apps/web/components/phase-one-qa.tsx; apps/web/app/phase-1-qa/page.tsx"
"2026-05-07","1.9","Revenue readiness styles","Design","Done","Added responsive Phase 1 QA hero and grid styles reusing readiness meter and QA cards.","apps/web/app/globals.css"
"2026-05-07","1.9","Phase 1.9 documentation","Documentation","Done","Documented Phase 1 QA scope, founder test path, exit targets, and production readiness notes.","docs/phase-1.9-revenue-readiness.md"
"2026-05-07","1.9","Phase 1.9 formatting fix","Tooling","Done","Ran Prettier on the Phase 1 QA page and CSS after format check flagged them.","apps/web/components/phase-one-qa.tsx; apps/web/app/globals.css"
"2026-05-07","1.9","Phase 1.9 typecheck verification","Verification","Done","Verified TypeScript passes across mobile, web, db, and shared workspaces after Phase 1 QA changes.","apps/mobile; apps/web; packages/db; packages/shared"
"2026-05-07","1.9","Phase 1.9 lint verification","Verification","Done","Verified web ESLint passes with zero warnings after Phase 1 QA changes.","apps/web"
"2026-05-07","1.9","Phase 1.9 build verification","Verification","Done","Verified Next production build compiles and statically generates /phase-1-qa.","apps/web"
"2026-05-07","1.9","Phase 1.9 local smoke test","Verification","Done","Confirmed local web server returns HTTP 200 for /phase-1-qa.","http://localhost:3000/phase-1-qa"
"2026-05-07","1.9","Phase 1.9 browser visual check","Verification","Done","Verified /phase-1-qa in the in-app browser with 100% readiness from the current browser-session revenue loop data.","http://localhost:3000/phase-1-qa"
"2026-05-07","1.9","Phase 1.9 tick","Checklist update","Done","Marked Phase 1.9 complete under blanket founder approval after implementation and verification.","docs/phase-checklist.md; docs/work-log.csv"
"2026-05-07","2.1","Group plan shared types","Code","Done","Added group plan storage key, group plan record type, and group plan analytics event name.","packages/shared/src/index.ts"
"2026-05-07","2.1","Group planning flow","Code","Done","Built /plan/group with plan details, place picker, simulated voting, winning place calculation, and WhatsApp invite URL generation.","apps/web/components/group-planning.tsx; apps/web/app/plan/group/page.tsx"
"2026-05-07","2.1","Group planning styles","Design","Done","Added responsive group planning hero, sticky plan form, selectable place tiles, and latest-plan summary panel.","apps/web/app/globals.css"
"2026-05-07","2.1","Phase 2.1 documentation","Documentation","Done","Documented group planning scope, founder test path, and production multi-user voting notes.","docs/phase-2.1-group-planning.md"
"2026-05-07","2.1","Phase 2.1 formatting fix","Tooling","Done","Ran Prettier on the group planning flow and CSS after format check flagged them.","apps/web/components/group-planning.tsx; apps/web/app/globals.css"
"2026-05-07","2.1","Phase 2.1 typecheck verification","Verification","Done","Verified TypeScript passes across mobile, web, db, and shared workspaces after group planning changes.","apps/mobile; apps/web; packages/db; packages/shared"
"2026-05-07","2.1","Phase 2.1 lint verification","Verification","Done","Verified web ESLint passes with zero warnings after group planning changes.","apps/web"
"2026-05-07","2.1","Phase 2.1 build verification","Verification","Done","Verified Next production build compiles and statically generates /plan/group.","apps/web"
"2026-05-07","2.1","Phase 2.1 local smoke test","Verification","Done","Confirmed local web server returns HTTP 200 for /plan/group.","http://localhost:3000/plan/group"
"2026-05-07","2.1","Phase 2.1 browser plan test","Verification","Done","Created a group plan in the in-app browser and verified the latest plan summary plus WhatsApp invite link.","http://localhost:3000/plan/group"
"2026-05-07","2.1","Phase 2.1 tick","Checklist update","Done","Marked Phase 2.1 complete under blanket founder approval after implementation and verification.","docs/phase-checklist.md; docs/work-log.csv"
"2026-05-07","2.2","Friends privacy model","Shared code","Done","Added friends privacy storage key, data type, and analytics event contract.","packages/shared/src/index.ts"
"2026-05-07","2.2","Friends privacy UI","Frontend","Done","Built the opt-in friends' saves screen with share mode, opted-in friend count, and social proof toggle.","apps/web/components/future-phase-pages.tsx; apps/web/app/friends/page.tsx"
"2026-05-07","2.2","Friends privacy styling","CSS","Done","Added reusable future-phase shell, hero, cards, forms, checkbox rows, and responsive grid styling.","apps/web/app/globals.css"
"2026-05-07","2.2","Friends privacy documentation","Documentation","Done","Documented shipped scope, founder test path, and production privacy notes.","docs/phase-2.2-friends-privacy.md"
"2026-05-07","2.3","Bill OCR model","Shared code","Done","Added bill scan storage key, record type, and bill scan analytics event contract.","packages/shared/src/index.ts"
"2026-05-07","2.3","Bill OCR UI","Frontend","Done","Built the bill scan MVP with restaurant selection, bill amount, cashback calculation, wallet total, and scan history.","apps/web/components/future-phase-pages.tsx; apps/web/app/bill-scan/page.tsx"
"2026-05-07","2.3","Bill OCR documentation","Documentation","Done","Documented scan flow, creator attribution, OCR replacement notes, and anti-duplicate production checks.","docs/phase-2.3-bill-ocr-cashback.md"
"2026-05-07","2.4","Identity model","Shared code","Done","Added user identity storage key, identity record type, and badge unlock analytics event contract.","packages/shared/src/index.ts"
"2026-05-07","2.4","Identity UI","Frontend","Done","Built the diner identity screen with tier, streak, verified visits, badges, and unlock action.","apps/web/components/future-phase-pages.tsx; apps/web/app/you/identity/page.tsx"
"2026-05-07","2.4","Identity documentation","Documentation","Done","Documented badge test path, server-side rule notes, and share image production notes.","docs/phase-2.4-identity-badges.md"
"2026-05-07","2.5","Creator dinner model","Shared code","Done","Added creator dinner booking storage key, record type, and booking analytics event contract.","packages/shared/src/index.ts"
"2026-05-07","2.5","Creator dinner UI","Frontend","Done","Built Eat With the Creator screen with seat booking, event context, and 40/40/20 economics display.","apps/web/components/future-phase-pages.tsx; apps/web/app/experiences/creator-dinners/page.tsx"
"2026-05-07","2.5","Creator dinner documentation","Documentation","Done","Documented booking flow, economics, payment, dietary, and restaurant confirmation notes.","docs/phase-2.5-creator-dinners.md"
"2026-05-07","2.6","Family Mode model","Shared code","Done","Added family profile storage key, record type, and family profile analytics event contract.","packages/shared/src/index.ts"
"2026-05-07","2.6","Family Mode UI","Frontend","Done","Built the Family Mode screen with member dietary tags, compatible restaurant recommendations, and save action.","apps/web/components/future-phase-pages.tsx; apps/web/app/family/page.tsx"
"2026-05-07","2.6","Family Mode documentation","Documentation","Done","Documented family profile test path, recommendation engine notes, and group pre-order production notes.","docs/phase-2.6-family-mode.md"
"2026-05-07","2.7","Creator marketplace model","Shared code","Done","Added creator campaign storage key, campaign record type, and campaign creation analytics event contract.","packages/shared/src/index.ts"
"2026-05-07","2.7","Creator marketplace UI","Frontend","Done","Built creator premium and campaign marketplace screen with premium card, campaign creation, and campaign queue.","apps/web/components/future-phase-pages.tsx; apps/web/app/creators/marketplace/page.tsx"
"2026-05-07","2.7","Creator marketplace documentation","Documentation","Done","Documented premium positioning, campaign creation, UPI settlement, and attribution reporting notes.","docs/phase-2.7-creator-marketplace.md"
"2026-05-07","2.8","Phase 2 QA model","Shared code","Done","Added Phase 2 exit target constants used by the readiness board.","packages/shared/src/index.ts"
"2026-05-07","2.8","Phase 2 QA UI","Frontend","Done","Built Phase 2 readiness board with target metrics and local feature-record counts across social and creator economy loops.","apps/web/components/future-phase-pages.tsx; apps/web/app/phase-2-qa/page.tsx"
"2026-05-07","2.8","Phase 2 QA documentation","Documentation","Done","Documented engagement readiness, fundraising review path, and production cohort dashboard notes.","docs/phase-2.8-engagement-readiness.md"
"2026-05-07","2.2-2.8","Future phase route wiring","Frontend","Done","Added route entry files for all Phase 2.2 through Phase 2.8 screens.","apps/web/app/friends/page.tsx; apps/web/app/bill-scan/page.tsx; apps/web/app/you/identity/page.tsx; apps/web/app/experiences/creator-dinners/page.tsx; apps/web/app/family/page.tsx; apps/web/app/creators/marketplace/page.tsx; apps/web/app/phase-2-qa/page.tsx"
"2026-05-07","2.2-2.8","Formatting verification","Verification","Done","Verified Prettier formatting passes after Phase 2 social and creator economy changes.","npm run format:check"
"2026-05-07","2.2-2.8","Typecheck verification","Verification","Done","Verified TypeScript passes across mobile, web, db, and shared workspaces after Phase 2 changes.","npm run typecheck"
"2026-05-07","2.2-2.8","Lint verification","Verification","Done","Verified ESLint passes with zero warnings after Phase 2 changes.","npm run lint"
"2026-05-07","2.2-2.8","Production build verification","Verification","Done","Verified Next production build compiles and statically generates all new Phase 2 routes.","npm run build"
"2026-05-07","2.2-2.8","Local HTTP smoke test","Verification","Done","Confirmed /friends, /bill-scan, /you/identity, /experiences/creator-dinners, /family, /creators/marketplace, and /phase-2-qa return HTTP 200.","http://localhost:3000"
"2026-05-07","2.2-2.8","Browser action smoke test","Verification","Done","Clicked and verified privacy save, bill cashback, badge unlock, creator dinner booking, family profile save, campaign creation, and Phase 2 QA board visibility in the in-app browser.","http://localhost:3000/phase-2-qa"
"2026-05-07","2.2-2.8","Worker verifier review","Verification","Done","Worker verifier reviewed Phase 2.2-2.8 routes, docs, CSS, shared models, and gates; QA board was strengthened based on its note.","Averroes worker agent"
"2026-05-07","2.2-2.8","Phase 2 checklist ticks","Checklist update","Done","Marked Phase 2.2 through Phase 2.8 complete after implementation, local verification, browser testing, and worker verifier review.","docs/phase-checklist.md; docs/work-log.csv"
"2026-05-07","3.1","Bangalore launch model","Shared code","Done","Added city launch storage and record type for Phase 3 city foundation tracking.","packages/shared/src/index.ts"
"2026-05-07","3.1","Bangalore launch UI","Frontend","Done","Built /cities/bangalore with creator target, restaurant target, launch month, ops playbook, and start action.","apps/web/components/future-phase-pages.tsx; apps/web/app/cities/bangalore/page.tsx"
"2026-05-07","3.1","Bangalore launch documentation","Documentation","Done","Documented shipped scope and founder test path for the Bangalore launch foundation.","docs/phase-3.1-bangalore-launch.md"
"2026-05-07","3.2","Mumbai launch UI","Frontend","Done","Built /cities/mumbai with creator target, restaurant target, launch month, ops playbook, and start action.","apps/web/components/future-phase-pages.tsx; apps/web/app/cities/mumbai/page.tsx"
"2026-05-07","3.2","Mumbai launch documentation","Documentation","Done","Documented shipped scope and founder test path for the Mumbai launch foundation.","docs/phase-3.2-mumbai-launch.md"
"2026-05-07","3.3","Travel Mode UI","Frontend","Done","Built /travel with city selector, creator carry-over preview, and Travel Mode open action.","apps/web/components/future-phase-pages.tsx; apps/web/app/travel/page.tsx"
"2026-05-07","3.3","Travel Mode documentation","Documentation","Done","Documented city switching, trusted creator carry-over, and founder test path.","docs/phase-3.3-travel-mode.md"
"2026-05-07","3.4","Voice search model","Shared code","Done","Added voice search storage key and record type for Hindi, Telugu, and Hinglish query tests.","packages/shared/src/index.ts"
"2026-05-07","3.4","Voice search UI","Frontend","Done","Built /voice-search with language selector, spoken query textarea, native samples, and test action.","apps/web/components/future-phase-pages.tsx; apps/web/app/voice-search/page.tsx"
"2026-05-07","3.4","Voice search documentation","Documentation","Done","Documented shipped scope, founder test path, and native prompt examples.","docs/phase-3.4-voice-search.md"
"2026-05-07","3.5","Rasa Plus model","Shared code","Done","Added Rasa Plus subscription record usage for monthly and annual plans.","packages/shared/src/index.ts"
"2026-05-07","3.5","Rasa Plus UI","Frontend","Done","Built /plus with monthly and annual pricing, benefit cards, subscription activation, and analytics event tracking.","apps/web/components/future-phase-pages.tsx; apps/web/app/plus/page.tsx"
"2026-05-07","3.5","Rasa Plus documentation","Documentation","Done","Documented Rasa Plus benefits, activation test path, and pricing.","docs/phase-3.5-rasa-plus.md"
"2026-05-07","3.6","Phase 3 QA UI","Frontend","Done","Built /phase-3-qa with launch, voice, Plus counters, city readiness targets, and expansion guardrail.","apps/web/components/future-phase-pages.tsx; apps/web/app/phase-3-qa/page.tsx"
"2026-05-07","3.6","Phase 3 QA documentation","Documentation","Done","Documented multi-city ops and expansion readiness review path.","docs/phase-3.6-expansion-qa.md"
"2026-05-07","4.1","Wedding vertical UI","Frontend","Done","Built /weddings with wedding planning prototype creation and attribution-focused positioning.","apps/web/components/future-phase-pages.tsx; apps/web/app/weddings/page.tsx"
"2026-05-07","4.1","Wedding vertical documentation","Documentation","Done","Documented wedding planning prototype and founder test path.","docs/phase-4.1-weddings.md"
"2026-05-07","4.2","Experiences vertical UI","Frontend","Done","Built /experiences with events prototype creation and ticket take-rate positioning.","apps/web/components/future-phase-pages.tsx; apps/web/app/experiences/page.tsx"
"2026-05-07","4.2","Experiences vertical documentation","Documentation","Done","Documented experiences and events prototype and founder test path.","docs/phase-4.2-experiences.md"
"2026-05-07","4.3","Data products vertical UI","Frontend","Done","Built /data-products with API/data product prototype creation and B2B contract positioning.","apps/web/components/future-phase-pages.tsx; apps/web/app/data-products/page.tsx"
"2026-05-07","4.3","Data products documentation","Documentation","Done","Documented API/data products prototype and founder test path.","docs/phase-4.3-data-products.md"
"2026-05-07","4.4","Server tipping model","Shared code","Done","Added server tip storage key and record type for direct server tip intent tracking.","packages/shared/src/index.ts"
"2026-05-07","4.4","Server tipping UI","Frontend","Done","Built /tips with direct server tip recording and tip history display.","apps/web/components/future-phase-pages.tsx; apps/web/app/tips/page.tsx"
"2026-05-07","4.4","Server tipping documentation","Documentation","Done","Documented server tipping flow, history, and founder test path.","docs/phase-4.4-server-tipping.md"
"2026-05-07","4.5","Phase 4 QA UI","Frontend","Done","Built /phase-4-qa with vertical tests, tip count, ARR target, revenue models, and ARR readiness gate.","apps/web/components/future-phase-pages.tsx; apps/web/app/phase-4-qa/page.tsx"
"2026-05-07","4.5","Phase 4 QA documentation","Documentation","Done","Documented Year 3 vertical scale readiness and founder test path.","docs/phase-4.5-scale-qa.md"
"2026-05-07","3.1-4.5","Phase 3 and 4 route wiring","Frontend","Done","Added route entry files for all Phase 3 and Phase 4 screens.","apps/web/app/cities/bangalore/page.tsx; apps/web/app/cities/mumbai/page.tsx; apps/web/app/travel/page.tsx; apps/web/app/voice-search/page.tsx; apps/web/app/plus/page.tsx; apps/web/app/phase-3-qa/page.tsx; apps/web/app/weddings/page.tsx; apps/web/app/experiences/page.tsx; apps/web/app/data-products/page.tsx; apps/web/app/tips/page.tsx; apps/web/app/phase-4-qa/page.tsx"
"2026-05-07","3.1-4.5","Formatting verification","Verification","Done","Verified Prettier formatting passes after Phase 3 and 4 changes.","npm run format:check"
"2026-05-07","3.1-4.5","Typecheck verification","Verification","Done","Verified TypeScript passes across mobile, web, db, and shared workspaces after Phase 3 and 4 changes.","npm run typecheck"
"2026-05-07","3.1-4.5","Lint verification","Verification","Done","Verified ESLint passes with zero warnings after Phase 3 and 4 changes.","npm run lint"
"2026-05-07","3.1-4.5","Production build verification","Verification","Done","Verified Next production build compiles and statically generates 45 pages including all Phase 3 and Phase 4 routes.","npm run build"
"2026-05-07","3.1-4.5","Browser action smoke test","Verification","Done","Clicked and verified Bangalore launch, Mumbai launch, Travel Mode, voice search, Rasa Plus, Phase 3 QA, wedding prototype, experiences prototype, data prototype, server tip, and Phase 4 QA in the in-app browser.","http://localhost:3000/phase-4-qa"
"2026-05-07","3.1-4.5","Phase 3 and 4 checklist ticks","Checklist update","Done","Marked Phase 3.1 through Phase 4.5 complete after implementation, gates, browser testing, and work-log updates.","docs/phase-checklist.md; docs/work-log.csv"
"2026-05-07","UI","Future phase shell polish","Design","Done","Upgraded the shared Phase 2-4 shell with stronger navigation, active current route state, QA shortcut buttons, improved hero hierarchy, metric status panel, and richer card styling.","apps/web/components/future-phase-pages.tsx; apps/web/app/globals.css"
"2026-05-07","UI","Rasa Plus resilience fix","Bug fix","Done","Replaced direct JSON.parse for Rasa Plus localStorage with the shared safe readObject helper.","apps/web/components/future-phase-pages.tsx"
"2026-05-07","UI","UI formatting verification","Verification","Done","Ran Prettier after the UI polish and confirmed formatting passes.","npm run format:check"
"2026-05-07","UI","UI typecheck verification","Verification","Done","Verified TypeScript still passes after the UI polish.","npm run typecheck"
"2026-05-07","UI","UI lint verification","Verification","Done","Verified ESLint still passes after the UI polish.","npm run lint"
"2026-05-07","UI","UI build verification","Verification","Done","Verified the production build still compiles and generates 45 pages after the UI polish.","npm run build"
"2026-05-07","UI","UI browser smoke test","Verification","Done","Verified the polished navigation, QA shortcuts, founder review status panel, and representative Phase 2/4 content in the in-app browser.","http://localhost:3000/friends; http://localhost:3000/phase-4-qa"
"2026-05-07","UI","Command shell redesign","Design","Done","Replaced the plain future-phase topbar with a dark command sidebar, grouped navigation, review-board links, build status panel, redesigned main workspace, and stronger hero card treatment.","apps/web/components/future-phase-pages.tsx; apps/web/app/globals.css"
"2026-05-07","UI","Responsive command layout","CSS","Done","Added mobile rules so the command sidebar collapses above the page content and nav groups wrap cleanly on small screens.","apps/web/app/globals.css"
"2026-05-07","UI","Redesign verification","Verification","Done","Verified formatting, typecheck, lint, production build, and browser DOM smoke for the redesigned Phase 2-4 command UI.","npm run format:check; npm run typecheck; npm run lint; npm run build; http://localhost:3000/phase-4-qa"
"2026-05-07","UI","shadcn-style primitives","Frontend","Done","Added owned shadcn-style Button, ButtonLink, Card, CardHeader, CardDescription, and Badge primitives for the web app.","apps/web/components/ui/button.tsx; apps/web/components/ui/card.tsx; apps/web/components/ui/badge.tsx"
"2026-05-07","UI","shadcn shell wiring","Frontend","Done","Rewired the Phase 2-4 shell hero, metrics, review strip, current-screen action, and main CTA buttons to use the shadcn-style primitives.","apps/web/components/future-phase-pages.tsx"
"2026-05-07","UI","shadcn primitive styling","CSS","Done","Added shadcn-inspired button, card, and badge CSS tokens with variants, sizing, focusable controls, and cleaner dashboard treatment.","apps/web/app/globals.css"
"2026-05-07","UI","shadcn verification","Verification","Done","Verified format, typecheck, lint, production build, dev restart, and browser DOM smoke after adding shadcn-style UI primitives.","npm run format:check; npm run typecheck; npm run lint; npm run build; http://localhost:3000/phase-4-qa"
"2026-05-07","Discovery","Customer discovery app page","Frontend","Done","Added /field-kit as a shadcn-style customer discovery sprint dashboard with creator, restaurant, user scripts, 72-hour checklist, and Day 10 rubric.","apps/web/app/field-kit/page.tsx; apps/web/components/customer-discovery-field-kit.tsx"
"2026-05-07","Discovery","Customer discovery doc","Documentation","Done","Saved the customer discovery field kit summary and decision rubric in docs for founder execution.","docs/customer-discovery-field-kit.md"
"2026-05-07","Discovery","Field kit styling","CSS","Done","Added field-kit shell, hero, script cards, checklist buttons, score card, and rubric table styling using the app's shadcn-style primitives.","apps/web/app/globals.css"
"2026-05-07","Discovery","Field kit verification","Verification","Done","Verified format, typecheck, lint, production build with 46 pages, dev restart, and browser DOM smoke for /field-kit.","npm run format:check; npm run typecheck; npm run lint; npm run build; http://localhost:3000/field-kit"
"2026-05-07","Discovery","Field kit audit correction","Frontend","Done","Corrected the field-kit progress card copy so it describes the 72-hour execution checklist instead of implying Day 10 rubric signals were already validated.","apps/web/components/customer-discovery-field-kit.tsx"
"2026-05-07","UI","Main product shadcn pass","Frontend","Done","Reworked the full product entry preview on / to use the local shadcn-style Badge, Button, Card, CardHeader, CardTitle, and CardDescription primitives instead of the older raw panel/button structure.","apps/web/components/onboarding-flow.tsx"
"2026-05-07","UI","Official shadcn package setup","Frontend","Done","Installed the official shadcn/ui dependency stack and converted the local primitives to shadcn-compatible generated components using Radix Slot, CVA variants, clsx, and tailwind-merge.","apps/web/package.json; package-lock.json; components.json; apps/web/lib/utils.ts; apps/web/components/ui/button.tsx; apps/web/components/ui/badge.tsx; apps/web/components/ui/card.tsx"
"2026-05-07","Dependencies","React package alignment","Frontend","Done","Pinned react and react-dom to the same version after npm dependency resolution created a React version mismatch during production build.","apps/web/package.json; package-lock.json"
"2026-05-07","UI","Visible homepage redesign","Frontend","Done","Redesigned the / product preview into a visibly richer shadcn-powered command center with route cards, icon surfaces, a live-drop card, improved navigation, and a more premium onboarding rail.","apps/web/components/onboarding-flow.tsx; apps/web/app/globals.css"
"2026-05-11","UI","Strict shadcn UI installation","Frontend","Done","Ran the official shadcn CLI inside apps/web and generated button, card, badge, input, label, separator, and tabs components with Tailwind v4/PostCSS support.","apps/web/components.json; apps/web/components/ui/button.tsx; apps/web/components/ui/card.tsx; apps/web/components/ui/badge.tsx; apps/web/components/ui/input.tsx; apps/web/components/ui/label.tsx; apps/web/components/ui/separator.tsx; apps/web/components/ui/tabs.tsx; apps/web/postcss.config.mjs; apps/web/app/globals.css"
"2026-05-11","UI","Strict shadcn homepage redesign","Frontend","Done","Rebuilt the / product preview with official shadcn components, Tailwind utility classes, route cards, tabs, inputs, labels, separators, badges, and a three-column app dashboard layout.","apps/web/components/onboarding-flow.tsx"
"2026-05-11","UI","Homepage overflow fix","Frontend","Done","Fixed the shadcn homepage overflow by preventing legacy global h1/h2/p CSS from overriding Tailwind classes and by delaying the three-column dashboard layout until xl screens.","apps/web/app/globals.css; apps/web/components/onboarding-flow.tsx"
"2026-05-11","UX","Home page redesign","Frontend","Done","Redesigned / from an internal command-center into a clearer product home with top navigation, primary save action, four-step user flow, live drop card, persona tabs, core surface cards, and a separate quick setup/onboarding panel.","apps/web/components/onboarding-flow.tsx"
"2026-05-11","UX","Simple home page refinement","Frontend","Done","Simplified / into a cleaner user-attraction flow with a short hero, one primary save action, three-step value path, four core surface cards, and a compact demo setup card.","apps/web/components/onboarding-flow.tsx"
"2026-05-11","Navigation","Global navbar","Frontend","Done","Added a sticky global navbar in the root layout so users can instantly return Home or jump to Save, Map, Live, Book, and Rewards from any page.","apps/web/app/layout.tsx; apps/web/components/onboarding-flow.tsx"
"2026-05-11","UI","Default shadcn neutral theme","Frontend","Done","Changed the app theme tokens to the default neutral shadcn palette and reduced custom Rasa color accents on the home page for a stricter shadcn look.","apps/web/app/globals.css; apps/web/components/onboarding-flow.tsx"
"2026-05-11","Mobile","Responsive audit fixes","Frontend","Done","Applied mobile fixes for the checklist pages: global overflow guard, mobile navbar stacking, analytics row cards, restaurant dashboard table cards, field-kit wrapping, and future phase page small-screen tightening.","apps/web/app/globals.css"
"2026-05-11","UI","Home page imagery","Frontend","Done","Added dining imagery to the home page hero, simple flow cards, and product surface cards while keeping the shadcn layout clean and mobile responsive.","apps/web/components/onboarding-flow.tsx"
"2026-05-11","Navigation","Mobile navbar fit","Frontend","Done","Changed the global navbar to a two-row mobile layout with a compact grid of route links so users can always see Home, Save, Map, Live, Book, and Rewards without horizontal clipping.","apps/web/app/layout.tsx"
"2026-05-11","UI","Responsive image system","Frontend","Done","Added a reusable VisualImage/HeroMedia layer and responsive imagery across Save, Map, Feed, Places, Creators, Booking, Live, Rewards, restaurant tools, reviews, trust, group planning, field kit, and future phase shells.","apps/web/components/visual-image.tsx; apps/web/app/globals.css; apps/web/components/*; apps/web/app/*"
"2026-05-12","QA","Full route image audit","Frontend","Done","Audited 43 browser routes for runtime errors and image presence, then added responsive HeroMedia visuals to Phase 0 QA and Phase 1 QA so every route has visual treatment.","apps/web/components/phase-zero-qa.tsx; apps/web/components/phase-one-qa.tsx"
"2026-05-13","UX","Link-only Instagram saves","Frontend","Done","Changed Universal Save so users can paste only an Instagram or creator link and save it immediately as a pending recommendation when the restaurant cannot be identified yet.","packages/shared/src/index.ts; apps/web/components/universal-save.tsx; apps/web/app/globals.css"
"2026-05-14","UX","Automatic resolver map inbox","Frontend","Done","Clarified the plain Reel link flow by showing pending Instagram saves on the map as an auto-resolving queue that explains the metadata/OCR/AI process before a restaurant becomes a map pin.","apps/web/components/universal-save.tsx; apps/web/components/personal-map.tsx; apps/web/app/globals.css"
"2026-05-14","UX","Saturday reminder and personal map list","Frontend","Done","Added a Saturday saved-spots reminder surface and changed the map into a full personal list that includes both mapped spots and auto-resolving plain Reel links.","apps/web/components/personal-map.tsx; apps/web/app/globals.css"
"2026-05-14","Backend","Instagram resolver MVP","Frontend/API","Done","Added a resolver pipeline for plain Instagram Reel links: shared shortcode extraction, demo fixture matching, optional Meta oEmbed API route, save-flow resolver call, and automatic saved-record update when a place resolves.","packages/shared/src/index.ts; apps/web/app/api/instagram/resolve/route.ts; apps/web/components/universal-save.tsx; apps/web/components/personal-map.tsx"
"2026-05-14","QA","Resolver lint and browser verification","Frontend/API","Done","Added Next runtime globals to ESLint, verified the resolver API, tested a resolvable plain Instagram Reel through Save into Map, and confirmed unknown Reel links stay in the auto-resolving personal list.","apps/web/eslint.config.mjs; docs/work-log.csv"
